Symbol,Total Evaluations,Combined Hit Rate,Long Evals,Long Hit Rate,Short Evals,Short Hit Rate,Z Threshold,Min Window,Horizon
ARI,803,0.7422166874221668,379,0.7546174142480211,424,0.7311320754716981,1.0,2,5
ARR,782,0.7455242966751918,386,0.7772020725388601,396,0.7146464646464646,1.0,2,5
ASPN,637,0.7488226059654631,294,0.7517006802721088,343,0.7463556851311953,1.0,2,5
ATEN,705,0.7460992907801418,329,0.7355623100303952,376,0.7553191489361702,1.0,2,5
BW,542,0.7490774907749077,238,0.6974789915966386,304,0.7894736842105263,1.0,2,5
CIM,729,0.766803840877915,363,0.8071625344352618,366,0.726775956284153,1.0,2,5
CRI,647,0.7697063369397218,301,0.7408637873754153,346,0.7947976878612717,1.0,2,5
DCH,625,0.784,279,0.7455197132616488,346,0.815028901734104,1.0,2,5
DEI,605,0.7504132231404959,271,0.7453874538745388,334,0.7544910179640718,1.0,2,5
DSL,880,0.7443181818181818,462,0.7770562770562771,418,0.7081339712918661,1.0,2,5
DXC,692,0.7658959537572254,318,0.7641509433962265,374,0.767379679144385,1.0,2,5
EFC,877,0.7491448118586089,416,0.7620192307692307,461,0.737527114967462,1.0,2,5
EGY,562,0.7473309608540926,271,0.7158671586715867,291,0.7766323024054983,1.0,2,5
ENOV,709,0.7475317348377997,318,0.7389937106918238,391,0.7544757033248082,1.0,2,5
FLO,653,0.7274119448698315,295,0.7423728813559322,358,0.7150837988826816,1.0,2,5
FMC,732,0.7595628415300546,330,0.7636363636363637,402,0.7562189054726368,1.0,2,5
FUBO,337,0.7240356083086054,127,0.6220472440944882,210,0.7857142857142857,1.0,2,5
FUN,656,0.7545731707317073,273,0.7326007326007326,383,0.7702349869451697,1.0,2,5
GAB,833,0.7454981992797118,415,0.7759036144578313,418,0.715311004784689,1.0,2,5
GNL,705,0.7489361702127659,326,0.745398773006135,379,0.7519788918205804,1.0,2,5
GOF,805,0.782608695652174,407,0.8181818181818182,398,0.7462311557788944,1.0,2,5
GTY,738,0.7696476964769647,324,0.7685185185185185,414,0.7705314009661836,1.0,2,5
HE,703,0.7467994310099573,311,0.7717041800643086,392,0.7270408163265306,1.0,2,5
HLF,616,0.7581168831168831,276,0.7318840579710145,340,0.7794117647058824,1.0,2,5
HOS,658,0.7492401215805471,326,0.7484662576687117,332,0.75,1.0,2,5
HUN,764,0.7539267015706806,357,0.7591036414565826,407,0.7493857493857494,1.0,2,5
HYT,855,0.776608187134503,441,0.7687074829931972,414,0.785024154589372,1.0,2,5
INN,637,0.7488226059654631,276,0.7065217391304348,361,0.7811634349030471,1.0,2,5
IVR,728,0.7376373626373627,341,0.750733137829912,387,0.7260981912144703,1.0,2,5
JFR,865,0.7456647398843931,445,0.7595505617977528,420,0.7309523809523809,1.0,2,5
KSS,621,0.7600644122383253,278,0.7482014388489209,343,0.7696793002915452,1.0,2,5
LADR,831,0.7581227436823105,389,0.781491002570694,442,0.7375565610859729,1.0,2,5
MFA,802,0.7543640897755611,375,0.7786666666666666,427,0.7330210772833724,1.0,2,5
MHD,779,0.7689345314505777,418,0.7631578947368421,361,0.775623268698061,1.0,2,5
MQY,775,0.7780645161290323,402,0.7587064676616916,373,0.7989276139410187,1.0,2,5
MUC,797,0.7728983688833124,418,0.7679425837320574,379,0.7783641160949868,1.0,2,5
MYI,752,0.7579787234042553,398,0.7537688442211056,354,0.7627118644067796,1.0,2,5
NAC,793,0.7831021437578815,427,0.8032786885245902,366,0.7595628415300546,1.0,2,5
NMZ,858,0.7843822843822844,461,0.8112798264642083,397,0.7531486146095718,1.0,2,5
NPKI,638,0.7633228840125392,301,0.7641196013289037,337,0.7626112759643917,1.0,2,5
NUV,872,0.7477064220183486,434,0.7972350230414746,438,0.6986301369863014,1.0,2,5
OI,673,0.7548291233283804,304,0.7368421052631579,369,0.7696476964769647,1.0,2,5
OLN,695,0.7482014388489209,314,0.7611464968152867,381,0.7375328083989501,1.0,2,5
ORC,743,0.7442799461641992,393,0.7608142493638677,350,0.7257142857142858,1.0,2,5
PDM,597,0.7654941373534339,263,0.7604562737642585,334,0.7694610778443114,1.0,2,5
PML,784,0.7691326530612245,384,0.765625,400,0.7725,1.0,2,5
PMT,792,0.7689393939393939,383,0.804177545691906,409,0.7359413202933985,1.0,2,5
RES,559,0.7423971377459749,253,0.7154150197628458,306,0.7647058823529411,1.0,2,5
RLJ,657,0.7503805175038052,278,0.7482014388489209,379,0.7519788918205804,1.0,2,5
RQI,768,0.7552083333333334,360,0.7916666666666666,408,0.7230392156862745,1.0,2,5
SBH,614,0.7817589576547231,269,0.7657992565055762,345,0.7942028985507247,1.0,2,5
SXC,675,0.7437037037037038,317,0.7634069400630915,358,0.7262569832402235,1.0,2,5
TDAY,668,0.7380239520958084,311,0.7331189710610932,357,0.742296918767507,1.0,2,5
TDOC,634,0.7602523659305994,282,0.7269503546099291,352,0.7869318181818182,1.0,2,5
TTI,546,0.7417582417582418,254,0.7401574803149606,292,0.7431506849315068,1.0,2,5
UTI,707,0.7199434229137199,321,0.7227414330218068,386,0.7176165803108808,1.0,2,5
VYX,617,0.7390599675850892,276,0.7681159420289855,341,0.7155425219941349,1.0,2,5
WOLF,53,0.9245283018867925,21,0.9047619047619048,32,0.9375,1.0,2,5
WU,656,0.7362804878048781,300,0.7366666666666667,356,0.7359550561797753,1.0,2,5
YELP,657,0.76103500761035,289,0.7508650519031141,368,0.7690217391304348,1.0,2,5
