Symbol,Total Evaluations,Combined Target Hit Rate (Structural),Long Evals,Long Hit Rate,Short Evals,Short Hit Rate
ARI,430,0.48372093023255813,246,0.45121951219512196,184,0.5271739130434783
ARR,403,0.49627791563275436,244,0.4385245901639344,159,0.5849056603773585
ASPN,415,0.4746987951807229,224,0.42410714285714285,191,0.5340314136125655
ATEN,413,0.47699757869249393,232,0.5043103448275862,181,0.4419889502762431
BW,427,0.4894613583138173,209,0.40669856459330145,218,0.5688073394495413
CIM,411,0.46958637469586373,221,0.4434389140271493,190,0.5
CRI,419,0.522673031026253,252,0.49206349206349204,167,0.5688622754491018
DCH,418,0.47607655502392343,226,0.40707964601769914,192,0.5572916666666666
DEI,424,0.49764150943396224,228,0.40350877192982454,196,0.6071428571428571
DSL,444,0.4797297297297297,269,0.43866171003717475,175,0.5428571428571428
DXC,412,0.470873786407767,229,0.43231441048034935,183,0.5191256830601093
EFC,436,0.4197247706422018,246,0.35772357723577236,190,0.5
EGY,461,0.45770065075921906,248,0.36693548387096775,213,0.5633802816901409
ENOV,425,0.4964705882352941,234,0.43162393162393164,191,0.5759162303664922
FLO,425,0.4611764705882353,241,0.45228215767634855,184,0.47282608695652173
FMC,413,0.4745762711864407,220,0.4318181818181818,193,0.5233160621761658
FUBO,318,0.48742138364779874,151,0.4304635761589404,167,0.5389221556886228
FUN,469,0.47334754797441364,246,0.37398373983739835,223,0.5829596412556054
GAB,411,0.51338199513382,242,0.45454545454545453,169,0.5976331360946746
GNL,438,0.4680365296803653,232,0.4051724137931034,206,0.5388349514563107
GOF,398,0.48743718592964824,202,0.45544554455445546,196,0.5204081632653061
GTY,436,0.5160550458715596,244,0.45081967213114754,192,0.5989583333333334
HE,424,0.44575471698113206,232,0.4051724137931034,192,0.4947916666666667
HLF,440,0.49318181818181817,220,0.40454545454545454,220,0.5818181818181818
HOS,410,0.4853658536585366,203,0.43842364532019706,207,0.5314009661835749
HUN,444,0.5022522522522522,230,0.45217391304347826,214,0.5560747663551402
HYT,427,0.48009367681498827,230,0.3826086956521739,197,0.5939086294416244
INN,448,0.43080357142857145,245,0.34285714285714286,203,0.5369458128078818
IVR,453,0.4900662251655629,240,0.42083333333333334,213,0.568075117370892
JFR,416,0.5264423076923077,225,0.4533333333333333,191,0.612565445026178
KSS,433,0.4780600461893764,235,0.4340425531914894,198,0.5303030303030303
LADR,475,0.5136842105263157,279,0.4551971326164875,196,0.5969387755102041
MFA,426,0.4859154929577465,257,0.4474708171206226,169,0.5443786982248521
MHD,425,0.49176470588235294,236,0.4279661016949153,189,0.5714285714285714
MQY,430,0.5325581395348837,216,0.4583333333333333,214,0.6074766355140186
MUC,455,0.512087912087912,214,0.4392523364485981,241,0.5767634854771784
MYI,422,0.46919431279620855,221,0.3936651583710407,201,0.5522388059701493
NAC,414,0.5507246376811594,208,0.5096153846153846,206,0.5922330097087378
NMZ,444,0.5067567567567568,223,0.4484304932735426,221,0.5656108597285068
NPKI,392,0.4897959183673469,209,0.4449760765550239,183,0.5409836065573771
NUV,447,0.43847874720357943,250,0.368,197,0.5279187817258884
OI,468,0.46794871794871795,267,0.41947565543071164,201,0.5323383084577115
OLN,442,0.5113122171945701,225,0.4577777777777778,217,0.5668202764976958
ORC,441,0.4988662131519274,251,0.41434262948207173,190,0.6105263157894737
PDM,429,0.5034965034965035,217,0.4147465437788018,212,0.5943396226415094
PML,398,0.5251256281407035,206,0.4368932038834951,192,0.6197916666666666
PMT,402,0.44029850746268656,229,0.42358078602620086,173,0.4624277456647399
RES,432,0.4976851851851852,232,0.4482758620689655,200,0.555
RLJ,426,0.5,228,0.43859649122807015,198,0.5707070707070707
RQI,370,0.47297297297297297,205,0.3951219512195122,165,0.5696969696969697
SBH,414,0.4830917874396135,229,0.4279475982532751,185,0.5513513513513514
SXC,446,0.5067264573991032,252,0.4523809523809524,194,0.5773195876288659
TDAY,419,0.5011933174224343,206,0.4368932038834951,213,0.5633802816901409
TDOC,432,0.48148148148148145,228,0.41228070175438597,204,0.5588235294117647
TTI,381,0.49606299212598426,193,0.40414507772020725,188,0.5904255319148937
UTI,440,0.41818181818181815,241,0.4066390041493776,199,0.4321608040201005
VYX,372,0.48118279569892475,205,0.43414634146341463,167,0.5389221556886228
WOLF,45,0.4666666666666667,27,0.48148148148148145,18,0.4444444444444444
WU,443,0.5056433408577878,247,0.46153846153846156,196,0.5612244897959183
YELP,435,0.4666666666666667,246,0.43089430894308944,189,0.5132275132275133
