Symbol,Total Evaluations,"Combined Target Hit Rate (1.5 Sigma, 2N)",Long Evals,Long Hit Rate,Short Evals,Short Hit Rate
ARI,173,0.7456647398843931,173,0.7456647398843931,0,0.0
ARR,191,0.7277486910994765,191,0.7277486910994765,0,0.0
ASPN,54,0.6851851851851852,54,0.6851851851851852,0,0.0
ATEN,121,0.7355371900826446,121,0.7355371900826446,0,0.0
BW,45,0.7777777777777778,45,0.7777777777777778,0,0.0
CIM,175,0.7314285714285714,175,0.7314285714285714,0,0.0
CRI,102,0.6666666666666666,102,0.6666666666666666,0,0.0
DCH,91,0.7912087912087912,91,0.7912087912087912,0,0.0
DEI,141,0.6879432624113475,141,0.6879432624113475,0,0.0
DSL,339,0.7728613569321534,339,0.7728613569321534,0,0.0
DXC,103,0.6893203883495146,103,0.6893203883495146,0,0.0
EFC,208,0.7788461538461539,208,0.7788461538461539,0,0.0
EGY,82,0.7195121951219512,82,0.7195121951219512,0,0.0
ENOV,111,0.7747747747747747,111,0.7747747747747747,0,0.0
FLO,170,0.7058823529411765,170,0.7058823529411765,0,0.0
FMC,116,0.6293103448275862,116,0.6293103448275862,0,0.0
FUBO,39,0.6410256410256411,39,0.6410256410256411,0,0.0
FUN,110,0.7636363636363637,110,0.7636363636363637,0,0.0
GAB,232,0.7025862068965517,232,0.7025862068965517,0,0.0
GNL,160,0.7375,160,0.7375,0,0.0
GOF,305,0.7770491803278688,305,0.7770491803278688,0,0.0
GTY,179,0.7597765363128491,179,0.7597765363128491,0,0.0
HE,140,0.7142857142857143,140,0.7142857142857143,0,0.0
HLF,101,0.7425742574257426,101,0.7425742574257426,0,0.0
HOS,74,0.8243243243243243,74,0.8243243243243243,0,0.0
HUN,105,0.7238095238095238,105,0.7238095238095238,0,0.0
HYT,399,0.7192982456140351,399,0.7192982456140351,0,0.0
INN,123,0.7154471544715447,123,0.7154471544715447,0,0.0
IVR,143,0.7412587412587412,143,0.7412587412587412,0,0.0
JFR,373,0.7667560321715817,373,0.7667560321715817,0,0.0
KSS,64,0.6875,64,0.6875,0,0.0
LADR,184,0.7119565217391305,184,0.7119565217391305,0,0.0
MFA,187,0.7165775401069518,187,0.7165775401069518,0,0.0
MHD,427,0.7540983606557377,427,0.7540983606557377,0,0.0
MQY,392,0.7397959183673469,392,0.7397959183673469,0,0.0
MUC,416,0.7572115384615384,416,0.7572115384615384,0,0.0
MYI,410,0.7780487804878049,410,0.7780487804878049,0,0.0
NAC,422,0.8080568720379147,422,0.8080568720379147,0,0.0
NMZ,406,0.7536945812807881,406,0.7536945812807881,0,0.0
NPKI,82,0.7439024390243902,82,0.7439024390243902,0,0.0
NUV,407,0.7371007371007371,407,0.7371007371007371,0,0.0
OI,98,0.7040816326530612,98,0.7040816326530612,0,0.0
OLN,92,0.7065217391304348,92,0.7065217391304348,0,0.0
ORC,188,0.7712765957446809,188,0.7712765957446809,0,0.0
PDM,152,0.6710526315789473,152,0.6710526315789473,0,0.0
PML,344,0.7441860465116279,344,0.7441860465116279,0,0.0
PMT,185,0.7405405405405405,185,0.7405405405405405,0,0.0
RES,84,0.75,84,0.75,0,0.0
RLJ,127,0.6220472440944882,127,0.6220472440944882,0,0.0
RQI,180,0.7666666666666667,180,0.7666666666666667,0,0.0
SBH,85,0.611764705882353,85,0.611764705882353,0,0.0
SXC,94,0.8191489361702128,94,0.8191489361702128,0,0.0
TDAY,83,0.6867469879518072,83,0.6867469879518072,0,0.0
TDOC,57,0.6140350877192983,57,0.6140350877192983,0,0.0
TTI,70,0.6285714285714286,70,0.6285714285714286,0,0.0
UTI,97,0.7835051546391752,97,0.7835051546391752,0,0.0
VYX,70,0.7428571428571429,70,0.7428571428571429,0,0.0
WU,167,0.7245508982035929,167,0.7245508982035929,0,0.0
YELP,105,0.7142857142857143,105,0.7142857142857143,0,0.0
