Symbol,Total Evaluations,Combined Hit Rate,Long Evals,Long Hit Rate,Short Evals,Short Hit Rate,Long EV,Short EV,Total EV,Long Avg Return,Short Avg Return,All Avg Return,Long Total Return,Short Total Return,Total Return,Long Median Return,Short Median Return,All Median Return,Long Max Return,Short Max Return,Long Min Return,Short Min Return,P/L (%),Long Profit Factor,Short Profit Factor,Min Window,Horizon,Leverage,Cost per Side
FUBO,2017,0.4209221616261775,1109,0.3751127141568981,908,0.47687224669603523,0.20433788255828894,0.004629086805142756,0.11443426999316413,0.20433788255828894,0.004629086805142756,0.11443426999316413,226.61071175714244,4.203210819069623,230.81392257621204,-0.058555555555555604,-0.00940471138511794,-0.04180097920076537,24.45965928955009,0.5321457951824201,-0.46102512679531055,-0.7372957430118096,23081.392257621203,3.412371308510907,1.0633720402622506,2,18,1.0,0.0015
BW,2383,0.4045321023919429,1227,0.4050529747351263,1156,0.4039792387543253,0.0970968894464051,0.0006964834654437621,0.05033278146739071,0.0970968894464051,0.0006964834654437621,0.05033278146739071,119.13788335073906,0.805134886052989,119.94301823679206,-0.03646474338583245,-0.035698789447886875,-0.03597607345040528,10.636871382636656,0.8190742150333017,-0.5225237507771501,-0.6993957975493901,11994.301823679205,2.415615186776581,1.009705836209418,2,18,1.0,0.0015
IVR,2352,0.3796768707482993,1172,0.3771331058020478,1180,0.3822033898305085,0.01896074008326277,0.0020405801607612305,0.010471884339830874,0.01896074008326277,0.0020405801607612305,0.010471884339830874,22.221987377583964,2.4078845896982517,24.629871967282217,-0.01547135291578156,-0.013260059249839588,-0.01429958129456036,7.427094821808554,0.6266053646285529,-0.4554346667837179,-1.2277753421752555,2462.9871967282215,1.6635509995170683,1.0783643320930971,2,18,1.0,0.0015
ASPN,2331,0.39510939510939513,1188,0.43602693602693604,1143,0.352580927384077,0.02257873854497069,-0.011839136150984288,0.005702020064714775,0.02257873854497069,-0.011839136150984288,0.005702020064714775,26.82354139142518,-13.532132620575041,13.29140877085014,-0.020263555257551687,-0.04222474140444696,-0.03210557954779704,0.8916360153256706,0.638025641025641,-0.28685711460476077,-0.2945268627484765,1329.140877085014,1.440055842471725,0.7953329066590129,2,18,1.0,0.0015
NPKI,2289,0.4233289646133683,1131,0.4438549955791335,1158,0.40328151986183075,0.02074070151395687,-0.009466794172697055,0.005458796749804298,0.02074070151395687,-0.009466794172697055,0.005458796749804298,23.457733412285222,-10.96254765198319,12.495185760302038,-0.018931078435719124,-0.03084249304029201,-0.02344213206920038,1.3303333333333334,0.7647207977207977,-0.32595527100396443,-0.6986058346685822,1249.5185760302038,1.520692591351482,0.8036551319820838,2,18,1.0,0.0015
FMC,2348,0.4169505962521295,1183,0.4370245139475909,1165,0.3965665236051502,0.006053873702448541,0.0031487375633600027,0.004612441163250011,0.006053873702448541,0.0031487375633600027,0.004612441163250011,7.161732589996624,3.668279261314403,10.830011851311026,-0.0129220927671507,-0.016331640426612455,-0.014547049572802541,0.4649878048780488,0.5958142292490118,-0.15010450951510346,-0.2606398117498735,1083.0011851311026,1.2441145778569516,1.1178932915570399,2,18,1.0,0.0015
MFA,2323,0.38011192423590184,1156,0.38235294117647056,1167,0.37789203084832906,0.010073851766639684,-0.002251466728711333,0.003882010748957962,0.010073851766639684,-0.002251466728711333,0.003882010748957962,11.645372642235474,-2.6274616724061257,9.017910969829346,-0.013697880562864367,-0.01243396226415091,-0.012834749919840321,2.3490239114757703,0.617517343424534,-0.6716443925746041,-0.34877762473321616,901.7910969829346,1.449625709986898,0.904188463932153,2,18,1.0,0.0015
ENOV,2417,0.3938767066611502,1224,0.3897058823529412,1193,0.39815590947191953,0.005599175003727622,0.0012383559124806009,0.00344673099220189,0.005599175003727622,0.0012383559124806009,0.00344673099220189,6.85339020456261,1.477358603589357,8.330748808151968,-0.021687709224853892,-0.02054279087647408,-0.021191798880148317,0.8701707317073173,0.6124452324665091,-0.27384542110045,-0.3010415276721931,833.0748808151968,1.183165104282163,1.0400669067459467,2,18,1.0,0.0015
EGY,2318,0.41242450388265744,1161,0.4315245478036176,1157,0.39325842696629215,0.01959367845379316,-0.013236539063741913,0.0032068960259294494,0.01959367845379316,-0.013236539063741913,0.0032068960259294494,22.748260684853857,-15.314675696749394,7.433584988104464,-0.021667670035661387,-0.03533004474609453,-0.028605952684637292,0.997,0.3888918918918919,-0.2676915453783499,-0.24328314794823838,743.3584988104463,1.4450160792699749,0.7386728389803578,2,18,1.0,0.0015
CIM,2361,0.39305379076662433,1115,0.3991031390134529,1246,0.38764044943820225,0.00427642863387849,0.0008171269579108452,0.0024508081814194954,0.00427642863387849,0.0008171269579108452,0.0024508081814194954,4.768217926774517,1.018140189556913,5.786358116331429,-0.013943886599761052,-0.013550450621081424,-0.01371527374631212,1.906297052154195,0.5058492236587637,-0.40951720597378766,-0.26046609693140754,578.6358116331429,1.1746982637853822,1.035291704445512,2,18,1.0,0.0015
DXC,2320,0.39698275862068966,1130,0.4026548672566372,1190,0.3915966386554622,0.004674891888946912,-0.00034274087809341706,0.0021011923230943295,0.004674891888946912,-0.00034274087809341706,0.0021011923230943295,5.282627834510011,-0.4078616449311663,4.874766189578844,-0.01712675891968647,-0.021299345220274185,-0.019306839338041754,0.5350667236954663,0.6639996669996671,-0.19017353402931259,-0.32669109618899445,487.47661895788445,1.1585669303876789,0.9899202131576768,2,18,1.0,0.0015
HLF,2360,0.39449152542372884,1157,0.3958513396715644,1203,0.3931837073981712,0.003716591324583951,-2.082842839588497e-05,0.0018114574420268561,0.003716591324583951,-2.082842839588497e-05,0.0018114574420268561,4.300096162543631,-0.02505659936024962,4.27503956318338,-0.027870222020025873,-0.02201837296672271,-0.0249431692438574,0.6364052044609666,0.5319169494552599,-0.17478601588687195,-0.253292816341769,427.50395631833806,1.102966776041025,0.9994129158538622,2,18,1.0,0.0015
GNL,2391,0.39188624006691763,1193,0.3688181056160939,1198,0.41485809682804675,0.002641757463110681,-0.00079640058250003,0.0009190835448163973,0.002641757463110681,-0.00079640058250003,0.0009190835448163973,3.1516166534910424,-0.954087897835036,2.197528755656006,-0.019514978309358336,-0.011626588348492374,-0.015435233160621679,2.1001446540880506,0.3664388509385403,-0.16356899464425567,-0.283673974381653,219.7528755656006,1.1116208796747724,0.9659044530904018,2,18,1.0,0.0015
ATEN,2365,0.39873150105708244,1140,0.4982456140350877,1225,0.30612244897959184,0.013506556396808162,-0.011946547952394429,0.00032260171276030824,0.013506556396808162,-0.011946547952394429,0.00032260171276030824,15.397474292361306,-14.634521241683176,0.762953050678129,-0.00017866034798589658,-0.031064992614475685,-0.01907603903457337,0.6570985221674879,0.4983774104683195,-0.13447604210350095,-0.22045737206881386,76.2953050678129,1.5595751638876456,0.654985496103962,2,18,1.0,0.0015
EFC,2338,0.3819503849443969,1110,0.3747747747747748,1228,0.38843648208469056,0.004457504488881472,-0.0035473791905614714,0.00025305745793368105,0.004457504488881472,-0.0035473791905614714,0.00025305745793368105,4.947829982658434,-4.356181646009487,0.5916483366489462,-0.0122229939647161,-0.010962740004169327,-0.01183789123298482,1.6908271604938274,0.6226608864222839,-0.19529151095934302,-0.6390069203522691,59.16483366489462,1.2574949685795203,0.8114610295320926,2,18,1.0,0.0015
KSS,2418,0.38626964433416044,1213,0.3973619126133553,1205,0.375103734439834,0.007184131740426234,-0.007164537813012191,3.353338976729879e-05,0.007184131740426234,-0.007164537813012191,3.353338976729879e-05,8.714351801137022,-8.63326806467969,0.08108373645732847,-0.024890129485143048,-0.031747342046681275,-0.02733282726895712,1.0107328033736596,0.6126454894867737,-0.24321710020441753,-0.28057832153395884,8.108373645732847,1.188569403568782,0.8338715531664018,2,18,1.0,0.0015
HE,2354,0.3857264231096007,1198,0.4056761268781302,1156,0.36505190311418684,-0.0032290717750775378,0.0020527748092709643,-0.0006352677599939056,-0.0032290717750775378,0.0020527748092709643,-0.0006352677599939056,-3.86842798654289,2.373007679517235,-1.4954203070256538,-0.010696154539832282,-0.017728772357436702,-0.01502153470325343,0.9049272695453966,0.6901905126243305,-0.20738728088274838,-0.17971892663133895,-149.54203070256537,0.8606621011986431,1.0885230684710874,2,18,1.0,0.0015
DCH,2397,0.3863162286191072,1204,0.4003322259136213,1193,0.3721709974853311,0.0042570421798362275,-0.0060061829231362876,-0.0008510210441296514,0.0042570421798362275,-0.0060061829231362876,-0.0008510210441296514,5.125478784522818,-7.165376227301591,-2.0398974427787744,-0.02244062953128536,-0.0299555844965093,-0.026748708974427226,0.8916236559139784,0.5337063492063492,-0.24555680043809167,-0.546807563031867,-203.98974427787743,1.1077522659468273,0.863911441014555,2,18,1.0,0.0015
ARI,2403,0.37453183520599254,1177,0.39167374681393374,1226,0.35807504078303426,0.0027218338130893705,-0.004391831337383787,-0.0009075267672186161,0.0027218338130893705,-0.004391831337383787,-0.0009075267672186161,3.2035983980061893,-5.384385219632524,-2.1807868216263344,-0.010305586034301917,-0.012936012642625368,-0.011786067810086502,0.6928174904942966,0.5542170672230874,-0.17784400957762728,-0.6070524235023571,-218.07868216263344,1.1398985076616486,0.7989641568372304,2,18,1.0,0.0015
FUN,2423,0.4094098225340487,1244,0.38183279742765275,1179,0.4385072094995759,-0.003926716362300405,0.0022119663645533004,-0.0009397139128738585,-0.003926716362300405,0.0022119663645533004,-0.0009397139128738585,-4.884835154701704,2.607908343808341,-2.276926810893359,-0.021512817732441826,-0.010470990303608424,-0.015891753723049528,0.8088214716525937,0.6544534733738715,-0.2604148542148423,-0.5780308727565351,-227.6926810893359,0.8804126395338461,1.0764737965265418,2,18,1.0,0.0015
LADR,2369,0.39510341916420433,1152,0.4340277777777778,1217,0.3582580115036976,0.003959406140651808,-0.00575455391565577,-0.0010308384302753013,0.003959406140651808,-0.00575455391565577,-0.0010308384302753013,4.561235874030883,-7.003292115353072,-2.442056241322189,-0.010020265827598454,-0.015527634487840818,-0.01329454604214484,1.1283672922252013,0.6206397123968566,-0.22493879295868308,-1.059012025403112,-244.2056241322189,1.2014943372564741,0.7596766904958238,2,18,1.0,0.0015
GOF,2318,0.3809318377911993,1051,0.4005708848715509,1267,0.36464088397790057,-0.0031100553255371164,0.00026328968899190747,-0.001266212299908008,-0.0031100553255371164,0.00026328968899190747,-0.001266212299908008,-3.2686681471395094,0.3335880359527468,-2.9350801111867626,-0.007266195366374842,-0.009021073758153588,-0.008456075903715929,0.1639675090252707,0.19649563180827492,-0.12880023905748156,-0.08185259080638854,-293.5080111186763,0.7743998699711652,1.0196664672996307,2,18,1.0,0.0015
ARR,2378,0.3902439024390244,1153,0.3798785776235906,1225,0.4,-0.0044947917386539095,0.0017029707019141106,-0.0013020840053924196,-0.0044947917386539095,0.0017029707019141106,-0.0013020840053924196,-5.182494874667958,2.0861391098447855,-3.0963557648231737,-0.01621700383826195,-0.009852065582184936,-0.012536107377055218,0.4268507462686567,0.5635035477989625,-0.39557307245193324,-0.44298609077551737,-309.6355764823174,0.7993117863762427,1.0829376579197758,2,18,1.0,0.0015
JFR,2219,0.3618747183415953,1058,0.3705103969754253,1161,0.35400516795865633,-0.002171727415638485,-0.0020414911088512547,-0.002103586653051746,-0.002171727415638485,-0.0020414911088512547,-0.002103586653051746,-2.297687605745517,-2.3701711773763066,-4.667858783121824,-0.007139414280458096,-0.008872483221476534,-0.008052146013431512,0.3625536028119506,0.3861813612976318,-0.0665952473773401,-0.21878945160691868,-466.78587831218243,0.786693473579108,0.826336125227481,2,18,1.0,0.0015
DSL,2338,0.38622754491017963,1121,0.3960749330954505,1217,0.3771569433032046,-0.0021810253918995376,-0.0020674825082723763,-0.0021219228729199595,-0.0021810253918995376,-0.0020674825082723763,-0.0021219228729199595,-2.4449294643193817,-2.516126212567482,-4.961055676886865,-0.007387885258781183,-0.007581298401233034,-0.007453863527596308,0.30793117408906895,0.33074154100343334,-0.11176842195783943,-0.21434862926735915,-496.1055676886865,0.8121449326611856,0.8460156071812368,2,18,1.0,0.0015
HUN,2386,0.3985750209555742,1228,0.40472312703583063,1158,0.3920552677029361,0.0005508731217048009,-0.0049633858488428335,-0.0021253682395249397,0.0005508731217048009,-0.0049633858488428335,-0.0021253682395249397,0.6764721934534954,-5.747600812960001,-5.071128619506506,-0.017966456031138257,-0.022463279521771958,-0.02025487911602237,0.3548947368421054,0.34455808440018965,-0.16118313986912722,-0.21184251426536363,-507.11286195065065,1.0189156238562196,0.8434441307505909,2,18,1.0,0.0015
NAC,2291,0.36665211697948497,1079,0.3911028730305839,1212,0.3448844884488449,-0.0020393671182135577,-0.0024525279551347473,-0.002257940201735374,-0.0020393671182135577,-0.0024525279551347473,-0.002257940201735374,-2.2004771205524287,-2.9724638816233138,-5.172941002175742,-0.006863560380442089,-0.009439062015234811,-0.008408392905389141,0.16505324459234605,0.11587597095278664,-0.1002874403446929,-0.13642928080338287,-517.2941002175742,0.7949544791514999,0.7625121529393937,2,18,1.0,0.0015
INN,2367,0.385297845373891,1215,0.37777777777777777,1152,0.3932291666666667,0.0015733186540645083,-0.006430221125923342,-0.0023219402502641794,0.0015733186540645083,-0.006430221125923342,-0.0023219402502641794,1.9115821646883775,-7.40761473706369,-5.496032572375313,-0.018878659068811164,-0.014692731105880525,-0.01716504877893635,0.8040175438596493,0.5952378854625551,-0.2257224476111958,-0.5702984449308389,-549.6032572375314,1.0557623687190423,0.796636545204695,2,18,1.0,0.0015
GAB,2219,0.3654799459215863,1016,0.4074803149606299,1203,0.33000831255195345,0.0012093025823711452,-0.005826514511868252,-0.0026050678387059146,0.0012093025823711452,-0.005826514511868252,-0.0026050678387059146,1.2286514236890835,-7.009296957777508,-5.780645534088425,-0.00842244293575417,-0.014218424044823024,-0.011974588056156688,0.40431707317073173,0.3004249443267533,-0.09889519763264927,-0.14800000000000002,-578.0645534088425,1.0837632672403,0.6565109539088524,2,18,1.0,0.0015
NMZ,2229,0.35307312696276355,1079,0.3614457831325301,1150,0.3452173913043478,-0.003591696479564422,-0.002015850267594233,-0.0027786757780095908,-0.003591696479564422,-0.002015850267594233,-0.0027786757780095908,-3.8754405014500115,-2.3182278077333676,-6.193668309183378,-0.008808984974329971,-0.010304950858422635,-0.009697326762518523,0.19076181474480158,0.1738863879917817,-0.14574699047571113,-0.19623733755448916,-619.3668309183378,0.6887386177939088,0.8278470525766235,2,18,1.0,0.0015
MYI,2278,0.3595258999122037,1077,0.38347260909935005,1201,0.33805162364696084,-0.0022065549830828928,-0.0032085872593208453,-0.0027348432902654135,-0.0022065549830828928,-0.0032085872593208453,-0.0027348432902654135,-2.3764597167802757,-3.8535132984443354,-6.229973015224612,-0.006824091778202765,-0.009377579976093505,-0.008238781587234813,0.16459259259259246,0.10855908393008762,-0.047610867770123924,-0.1545029758034968,-622.9973015224612,0.7791931996814272,0.6892933355657117,2,18,1.0,0.0015
FLO,2308,0.38128249566724437,1126,0.38987566607460034,1182,0.3730964467005076,-0.004635459616887956,-0.0009544457743891558,-0.0027502956819513962,-0.004635459616887956,-0.0009544457743891558,-0.0027502956819513962,-5.2195275286158385,-1.1281549053279822,-6.347682433943822,-0.014480496643834724,-0.01427660509591646,-0.014437410129262052,0.27928423101881905,0.23797397145256094,-0.16906353603611063,-0.1847092531733347,-634.7682433943822,0.7672282845542754,0.9499391254843554,2,18,1.0,0.0015
MUC,2255,0.34767184035476717,1111,0.34923492349234925,1144,0.34615384615384615,-0.0034247550608757743,-0.002410527528311932,-0.0029102201175263123,-0.0034247550608757743,-0.002410527528311932,-0.0029102201175263123,-3.804902872632985,-2.75764349238885,-6.562546365021834,-0.008005678933740334,-0.008767269633155706,-0.008361373132056218,0.14977777777777776,0.10423860589812327,-0.08768161763052267,-0.12195342240190124,-656.2546365021834,0.6740522751364691,0.7677648958103197,2,18,1.0,0.0015
MQY,2264,0.36969964664310956,1120,0.36428571428571427,1144,0.375,-0.003644990165857576,-0.0022988390655216554,-0.002964779539186068,-0.003644990165857576,-0.0022988390655216554,-0.002964779539186068,-4.082388985760485,-2.6298718909567738,-6.712260876717258,-0.009773941332464373,-0.00871510322619308,-0.009237010780340754,0.2629758203799655,0.16078337867781903,-0.07206890521455313,-0.144096337486822,-671.2260876717257,0.7015464392505524,0.8017852462257168,2,18,1.0,0.0015
HYT,2237,0.35091640590075995,1098,0.3551912568306011,1139,0.34679543459174716,-0.0027052879031278848,-0.0033480621624602503,-0.0030325654540351555,-0.0027052879031278848,-0.0033480621624602503,-0.0030325654540351555,-2.9704061176344174,-3.813442803042225,-6.783848920676643,-0.008888426203443293,-0.008208333333333408,-0.008540369810956107,0.3327142857142857,0.13744237554559924,-0.18480373232300393,-0.22169104569199582,-678.3848920676643,0.7661430539454426,0.7333876304125443,2,18,1.0,0.0015
MHD,2291,0.36272370144041904,1124,0.3612099644128114,1167,0.36418166238217653,-0.003580884858065327,-0.0026742784987326845,-0.003119073587292217,-0.003580884858065327,-0.0026742784987326845,-0.003119073587292217,-4.024914580465428,-3.1208830080210426,-7.145797588486469,-0.009527414756558345,-0.01126770037627373,-0.010358542364391626,0.1729288847689631,0.23700841229526695,-0.1250935108380297,-0.1421517264276898,-714.579758848647,0.6979759528116422,0.7830249919199909,2,18,1.0,0.0015
NUV,2191,0.3569146508443633,1086,0.39594843462246776,1105,0.318552036199095,-0.0028478439469671072,-0.004134550107800507,-0.0034967760819378546,-0.0028478439469671072,-0.004134550107800507,-0.0034967760819378546,-3.0927585264062785,-4.56867786911956,-7.661436395525839,-0.0064906255361101475,-0.008714285714285796,-0.00754545454545465,0.08811111111111114,0.08963392857142857,-0.042386726621214406,-0.05398436540653518,-766.1436395525839,0.6883048422699855,0.5730001555871853,2,18,1.0,0.0015
DEI,2350,0.38042553191489364,1177,0.36618521665250636,1173,0.39471440750213127,-0.007318626649062412,-0.0006250803298020053,-0.003977550124597538,-0.007318626649062412,-0.0006250803298020053,-0.003977550124597538,-8.614023565946459,-0.7332192268577522,-9.347242792804213,-0.01727284174878727,-0.013928264070561094,-0.015791745242282672,0.3678103521425542,0.2613799550796193,-0.1579805206188858,-0.23065702016983675,-934.7242792804213,0.7163543180467139,0.9737291222892742,2,18,1.0,0.0015
GTY,2368,0.36739864864864863,1155,0.36883116883116884,1213,0.3660346248969497,-0.0014049302794914256,-0.0077582931601001505,-0.004659418951019459,-0.0014049302794914256,-0.0077582931601001505,-0.004659418951019459,-1.6226944728125967,-9.410809603201482,-11.03350407601408,-0.015059973924380736,-0.016569891249999642,-0.015763375854931927,0.38210158013544027,0.2620763182081175,-0.24032138658259525,-0.24665271794664803,-1103.3504076014078,0.9255446015395166,0.6429025018429858,2,18,1.0,0.0015
CRI,2393,0.3811115754283326,1156,0.3754325259515571,1237,0.38641875505254647,-0.0043466740465878005,-0.005919057119207611,-0.0051594771643607654,-0.0043466740465878005,-0.005919057119207611,-0.0051594771643607654,-5.024755197855497,-7.321873656459815,-12.346628854315313,-0.021126575211591864,-0.01988584410348067,-0.020329210066160418,0.29056118400976494,0.2416969696969696,-0.14338637328523673,-0.17842116109725537,-1234.6628854315313,0.8481941984789518,0.7974295853336245,2,18,1.0,0.0015
