Timestamp,Open,High,Low,Close,AdjClose,Volume,AdjHigh,AdjLow,AdjOpen,AdjVolume,DivCash,SplitFactor
2026-09-02 00:00:00,10.83,11.13,10.21,10.33,10.33,3684916,11.13,10.21,10.83,3684916,0.0,1.0
2026-09-03 00:00:00,10.2,10.45,9.38,9.39,9.39,4596323,10.45,9.38,10.2,4596323,0.0,1.0
2026-09-04 00:00:00,9.3,9.5,9.08,9.2,9.2,3374301,9.5,9.08,9.3,3374301,0.0,1.0
2026-09-08 00:00:00,9.3,9.41,8.94,9.08,9.08,3073072,9.41,8.94,9.3,3073072,0.0,1.0
2026-09-09 00:00:00,9.14,9.28,9.04,9.12,9.12,2425195,9.28,9.04,9.14,2425195,0.0,1.0
2026-09-10 00:00:00,9.19,9.19,8.795,9.0,9.0,2034417,9.19,8.795,9.19,2034417,0.0,1.0
2026-09-11 00:00:00,9.02,9.09,8.735,8.88,8.88,1572055,9.09,8.735,9.02,1572055,0.0,1.0
2026-09-14 00:00:00,8.92,8.9695,8.445,8.49,8.49,2903599,8.9695,8.445,8.92,2903599,0.0,1.0
2026-09-15 00:00:00,8.6,8.925,8.49,8.85,8.85,3799610,8.925,8.49,8.6,3799610,0.0,1.0
2026-09-16 00:00:00,8.77,8.94,8.525,8.62,8.62,2336569,8.94,8.525,8.77,2336569,0.0,1.0
2026-09-17 00:00:00,8.65,8.75,8.54,8.58,8.58,1775673,8.75,8.54,8.65,1775673,0.0,1.0
2026-09-18 00:00:00,8.61,8.61,8.29,8.41,8.41,4358538,8.61,8.29,8.61,4358538,0.0,1.0
2026-09-21 00:00:00,8.29,8.405,8.195,8.33,8.33,2130535,8.405,8.195,8.29,2130535,0.0,1.0
2026-09-22 00:00:00,8.23,8.48,8.16,8.41,8.41,2308643,8.48,8.16,8.23,2308643,0.0,1.0
2026-09-23 00:00:00,8.49,8.495,8.27,8.35,8.35,1641525,8.495,8.27,8.49,1641525,0.0,1.0
2026-09-24 00:00:00,8.41,8.42,8.245,8.3,8.3,1904917,8.42,8.245,8.41,1904917,0.0,1.0
2026-09-25 00:00:00,8.22,8.3,8.1301,8.19,8.19,2063014,8.3,8.1301,8.22,2063014,0.0,1.0
2026-09-28 00:00:00,8.26,8.34,7.92,7.94,7.94,2190920,8.34,7.92,8.26,2190920,0.0,1.0
2026-09-29 00:00:00,7.94,8.17,7.685,7.71,7.71,2599399,8.17,7.685,7.94,2599399,0.0,1.0
2026-09-30 00:00:00,8.09,8.09,7.63,7.69,7.69,5242651,8.09,7.63,8.09,5242651,0.0,1.0
2026-10-01 00:00:00,7.63,7.8,7.54,7.79,7.79,2631287,7.8,7.54,7.63,2631287,0.0,1.0
2026-10-02 00:00:00,7.86,8.12,7.535,7.59,7.59,4421205,8.12,7.535,7.86,4421205,0.0,1.0
